Adventure,Download Link,Purchase Link
DDEP3-T1,https://drive.google.com/open?id=1KQTi3ybxWi9nUx4U7ZgSOFKM02LjMUEy&usp=drive_fs,
DDEP3-T2,https://drive.google.com/open?id=1KQTi3ybxWi9nUx4U7ZgSOFKM02LjMUEy&usp=drive_fs,
DDEP3-T3,https://drive.google.com/open?id=1KQTi3ybxWi9nUx4U7ZgSOFKM02LjMUEy&usp=drive_fs,
FR-DC-GHG-01,https://drive.google.com/open?id=1KtUmt9m_IkISKypJKmSKh0fzDru0Sed5&usp=drive_fs,https://www.dmsguild.com/product/461201/The-Griffons-of-Longsaddle-FRDCGHG01?affiliate_id=171040
FR-DC-GHG-02,https://drive.google.com/open?id=1KhSVLJ6-g55ydYxCsxRtQdlRQvTLHuYt&usp=drive_fs,https://www.dmsguild.com/product/462901/Owlbear-Ascension-FRDCGHG02?affiliate_id=171040
FR-DC-GHG-03,https://drive.google.com/open?id=1KsqLixdCaWYOxAdUB6DeCrUW9BpePDcs&usp=drive_fs,https://www.dmsguild.com/product/471339/The-March-of-the-Manticore-FRDCGHG03?affiliate_id=171040
PS-DC-HNL-01,https://drive.google.com/open?id=1KxpZDTQ8C4Tg9uEuhy0MV79vhQ4jhSa_&usp=drive_fs,https://www.dmsguild.com/product/464022/Nowhere-Fast-PSDCHNL01?affiliate_id=171040
PS-DC-HNL-02,https://drive.google.com/open?id=1L0IONLjO5sa6JOLI7vnRDcgUk7L0r-PJ&usp=drive_fs,https://www.dmsguild.com/product/470285/The-Hungry-Prince-PSDCHNL02?affiliate_id=171040
DC-PoA-CONMAR-19,https://drive.google.com/open?id=1L96U9zuGGRmxGGQnfzmWKR5j1dJnNBJO&usp=drive_fs,https://www.dmsguild.com/product/369301/DCPoACONMAR19-Wherever-I-May-Float?affiliate_id=171040
SJ-DC-DD-08,https://drive.google.com/open?id=1L6DAV0KokV47d4e4z1fUhe40owaoguIw&usp=drive_fs,https://www.dmsguild.com/product/460569/SJDCDD08-Blast-from-the-Past?affiliate_id=171040
SJ-DC-DD-09,https://drive.google.com/open?id=1L4ncobtR2U6Q7yY1KBPQ7HaeR1eNKbF8&usp=drive_fs,https://www.dmsguild.com/product/464113/SJDCDD09-The-Huangfu-Heist?affiliate_id=171040
SJ-DC-VMT-02,https://drive.google.com/open?id=1LOyZIGL_XEUbykLzK4RGlcPJ1LinniwQ&usp=drive_fs,https://www.dmsguild.com/product/433860/SJDCVMT02-Lonesome-Grub?affiliate_id=171040
FR-DC-BG,https://drive.google.com/open?id=1LEj4gBPRh7-0jav9FX_2n3MjAkklj8PU&usp=drive_fs,https://www.dmsguild.com/product/461573/The-Flying-Flame-FRDCBG?affiliate_id=171040
PS-DC-PHP-CKA2,https://drive.google.com/open?id=1LkMiiTcZhd5GelyQwPd7O93unGsqkHrr&usp=drive_fs,https://www.dmsguild.com/product/489877/PSDCPHPCKA2-Qubicorubikonomicon?affiliate_id=171040
PS-DC-SS,https://drive.google.com/open?id=1LXFx8J-GbSIaQWORAFIp2qTr5uOA5nN2&usp=drive_fs,https://www.dmsguild.com/product/473735/Soul-and-Shadow-PSDCSS?affiliate_id=171040
